event_time,event_type
"2019-12-01 14:50:03.324",ProductLookInsideLivebookLinkOpened
"2019-12-01 14:50:49.864",HighlightCreated
"2019-12-01 14:51:01.72",ReadingFreePreview
"2019-12-01 14:52:01.725",ReadingFreePreview
"2019-12-01 14:53:32.39",HighlightCreated
"2019-12-01 14:53:53.83",ReadingFreePreview
"2019-12-01 14:53:55.017",HighlightCreated
"2019-12-01 14:54:11.728",HighlightCreated
"2019-12-01 14:54:23.473",HighlightCreated
"2019-12-01 14:55:13.457",NoteCreated
"2019-12-01 14:57:20.531",ProductLookInsideLivebookLinkOpened
"2019-12-01 14:58:33.822",ReadingOpenChapter
"2019-12-01 14:59:09.419",HighlightCreated
"2019-12-01 14:59:33.826",ReadingOpenChapter
"2019-12-01 15:02:36.364",HighlightCreated
"2019-12-01 15:02:57.136",HighlightCreated
"2019-12-01 15:03:03.491",HighlightCreated
"2019-12-01 15:04:04.891",HighlightCreated
"2019-12-01 15:05:25.448",BookmarkCreated
"2019-12-01 15:07:26.371",NoteCreated
"2019-12-01 15:09:39.582",HighlightCreated
"2019-12-01 15:09:44.736",HighlightCreated
"2019-12-01 15:10:46.34",HighlightCreated
"2019-12-01 15:11:38.201",ShareableLinkCreated
"2019-12-01 15:14:26.171",ProductLookInsideLivebookLinkOpened
"2019-12-01 15:16:30.987",HighlightCreated
"2019-12-01 15:16:51.64",ReadingOpenChapter
"2019-12-01 15:16:52.154",HighlightCreated
"2019-12-01 15:17:11.393",HighlightCreated
"2019-12-01 15:17:49.858",BookmarkCreated
"2019-12-01 15:17:51.544",ReadingOpenChapter
"2019-12-01 15:19:38.712",BookmarkCreated
"2019-12-01 15:19:51.588",ReadingOpenChapter
"2019-12-01 15:19:53.384",BookmarkCreated
"2019-12-01 15:20:04.414",BookmarkCreated
"2019-12-01 15:20:15.561",BookmarkCreated
"2019-12-01 15:23:03.939",NoteCreated
"2019-12-01 15:24:21.953",ReadingOpenChapter
"2019-12-01 15:25:32.371",HighlightCreated
"2019-12-01 15:26:21.877",ReadingOpenChapter
"2019-12-01 15:27:27.894",BookmarkCreated
"2019-12-01 15:28:11.989",HighlightCreated
"2019-12-01 15:28:21.905",ReadingOpenChapter
"2019-12-01 15:29:42.821",NoteCreated
"2019-12-01 15:30:47.013",BookmarkCreated
"2019-12-01 15:31:37.494",ProductTocLivebookLinkOpened
"2019-12-01 15:38:57.748",BookmarkCreated
"2019-12-01 15:39:23.844",ReadingOpenChapter
"2019-12-01 15:39:24.779",NoteCreated
"2019-12-01 15:44:00.847",ProductTocLivebookLinkOpened
"2019-12-01 15:44:44.514",ReadingFreePreview
"2019-12-01 15:46:27.117",NoteCreated
"2019-12-01 15:47:15.913",HighlightCreated
"2019-12-01 15:47:54.03",HighlightCreated
"2019-12-01 15:50:28.025",ShareableLinkCreated
"2019-12-01 15:52:15.863",HighlightCreated
"2019-12-01 15:53:21.901",ShareableLinkCreated
"2019-12-01 15:54:12.942",ShareableLinkCreated
"2019-12-01 15:54:39.833",ShareableLinkCreated
"2019-12-01 15:54:57.913",HighlightCreated
"2019-12-01 15:55:04.373",HighlightCreated
"2019-12-01 15:55:36.999",ShareableLinkCreated
"2019-12-01 17:00:20.048",ReadingOpenChapter
"2019-12-01 17:01:19.914",ReadingOpenChapter
"2019-12-01 17:02:23.551",HighlightCreated
"2019-12-01 17:03:19.201",HighlightCreated
"2019-12-01 17:03:20.003",ReadingOpenChapter
"2019-12-01 17:05:57.229",HighlightCreated
"2019-12-01 17:07:20.161",ReadingOpenChapter
"2019-12-01 17:09:20.398",ReadingOpenChapter
"2019-12-01 17:19:20.909",ReadingOpenChapter
"2019-12-01 17:19:26.063",HighlightCreated
"2019-12-01 17:23:50.949",ReadingOpenChapter
"2019-12-01 17:56:52.416",ReadingOpenChapter
"2019-12-01 18:42:02.589",HighlightCreated
"2019-12-01 18:42:16.833",BookmarkCreated
"2019-12-01 18:42:58.484",HighlightCreated
"2019-12-01 18:43:41.81",NoteCreated
"2019-12-01 18:44:18.317",BookmarkCreated
"2019-12-01 18:44:52.424",HighlightCreated
"2019-12-01 18:45:03.986",HighlightCreated
"2019-12-01 18:51:26.423",BookmarkCreated
"2019-12-01 18:51:36.291",HighlightCreated
"2019-12-01 18:51:48.957",HighlightCreated
"2019-12-01 18:52:05.615",ShareableLinkCreated
"2019-12-01 18:52:37.043",BookmarkCreated
"2019-12-01 18:53:43.444",HighlightCreated
"2019-12-01 18:54:38.561",HighlightCreated
"2019-12-01 18:54:56.945",HighlightCreated
"2019-12-01 18:55:49.943",BookmarkCreated
"2019-12-01 18:58:01.891",SearchResultOpened
"2019-12-01 19:01:04.768",SearchResultOpened
"2019-12-01 19:03:09.322",ProductTocLivebookLinkOpened
"2019-12-01 19:04:19.945",ReadingOwnedBook
"2019-12-01 19:13:33.504",HighlightCreated
"2019-12-01 19:14:26.115",ReadingOwnedBook
"2019-12-01 19:16:50.816",BookmarkCreated
"2019-12-01 19:17:39.896",SearchResultOpened
"2019-12-01 19:17:56.042",SearchResultOpened
"2019-12-01 19:18:07.086",SearchResultOpened
"2019-12-01 19:19:31.36",SearchResultOpened
"2019-12-01 19:20:18.084",SearchResultOpened
"2019-12-01 19:20:44.835",SearchMade
"2019-12-01 19:21:26.266",SearchMade
"2019-12-01 19:21:33.916",SearchResultOpened
"2019-12-01 19:22:08.33",SearchResultOpened
"2019-12-01 19:22:08.813",SearchMade
"2019-12-01 19:23:19.098",SearchResultOpened
"2019-12-01 19:23:19.629",SearchMade
"2019-12-01 19:23:37.182",SearchResultOpened
"2019-12-01 19:24:12.12",SearchResultOpened
"2019-12-01 19:25:09.383",SearchResultOpened
"2019-12-01 19:25:34.547",SearchResultOpened
"2019-12-01 19:26:21.464",SearchMade
"2019-12-01 19:26:28.712",SearchResultOpened
"2019-12-01 19:27:47.984",SearchResultOpened
"2019-12-01 19:27:48.435",SearchMade
"2019-12-01 19:28:27.039",SearchMade
"2019-12-01 19:28:38.911",SearchResultOpened
"2019-12-01 19:28:39.143",SearchMade
"2019-12-01 19:28:57.252",SearchResultOpened
"2019-12-01 19:29:08.006",ReadingOwnedBook
"2019-12-01 19:29:21.957",SearchResultOpened
"2019-12-01 19:29:22.589",SearchMade
"2019-12-01 19:31:03.08",HighlightCreated
"2019-12-01 19:35:37.542",SearchResultOpened
"2019-12-01 19:36:26.329",SearchResultOpened
"2019-12-01 19:36:50.225",HighlightCreated
"2019-12-01 19:37:04.243",ShareableLinkCreated
"2019-12-01 19:41:13.169",SearchResultOpened
"2019-12-01 19:42:54.247",SearchResultOpened
"2019-12-01 19:42:54.342",SearchMade
"2019-12-01 19:42:58.373",SearchResultOpened
"2019-12-01 19:44:54.738",BookmarkCreated
"2019-12-01 19:45:14.87",HighlightCreated
"2019-12-01 19:45:21.74",SearchResultOpened
"2019-12-01 19:45:29.813",HighlightCreated
"2019-12-01 19:46:47.806",SearchResultOpened
"2019-12-01 19:46:48.531",SearchMade
"2019-12-01 19:47:00.241",SearchResultOpened
"2019-12-01 19:52:04.718",SearchResultOpened
"2019-12-01 19:52:25.672",SearchResultOpened
"2019-12-01 19:54:12.277",ReadingOwnedBook
"2019-12-01 19:55:30.334",SearchResultOpened
"2019-12-01 19:55:30.617",SearchMade
"2019-12-01 19:55:43.906",SearchResultOpened
"2019-12-01 19:55:43.972",SearchMade
"2019-12-01 19:55:48.258",SearchResultOpened
"2019-12-01 19:55:48.34",SearchMade
"2019-12-01 19:56:08.895",SearchResultOpened
"2019-12-01 19:56:30.415",BookmarkCreated
"2019-12-01 19:56:51.715",BookmarkCreated
"2019-12-01 19:58:38.164",HighlightCreated
"2019-12-01 19:59:19.152",SearchResultOpened
"2019-12-01 19:59:41.518",NoteCreated
"2019-12-01 20:02:25.165",SearchResultOpened
"2019-12-01 20:03:09.061",SearchResultOpened
"2019-12-01 20:08:49.471",SearchResultOpened
"2019-12-01 20:08:49.672",SearchMade
"2019-12-01 20:08:53.879",SearchResultOpened
"2019-12-01 20:09:38.086",BookmarkCreated
"2019-12-01 20:10:14.841",SearchResultOpened
"2019-12-01 20:10:15.717",SearchMade
"2019-12-01 20:10:23.994",SearchResultOpened
"2019-12-01 20:10:24.111",SearchMade
"2019-12-01 20:10:34.077",SearchResultOpened
"2019-12-01 20:11:11.887",SearchResultOpened
"2019-12-01 20:12:01.805",ReadingOwnedBook
"2019-12-01 20:12:56.169",SearchResultOpened
"2019-12-01 20:16:47.507",BookmarkCreated
"2019-12-01 20:17:09.746",SearchResultOpened
"2019-12-01 20:20:19.221",BookmarkCreated
"2019-12-01 20:20:35.242",BookmarkCreated
"2019-12-01 20:22:18.871",HighlightCreated
"2019-12-01 20:22:34.187",SearchResultOpened
"2019-12-01 20:25:22.753",SearchResultOpened
"2019-12-01 20:25:30.101",BookmarkCreated
"2019-12-01 20:28:03.611",BookmarkCreated
"2019-12-01 20:28:26.92",SearchResultOpened
"2019-12-01 20:28:50.485",SearchResultOpened
"2019-12-01 20:32:30.767",SearchResultOpened
"2019-12-01 20:33:15.453",SearchResultOpened
"2019-12-01 20:38:44.645",SearchResultOpened
"2019-12-01 20:38:44.765",SearchMade
"2019-12-01 20:39:06.845",SearchResultOpened
"2019-12-01 20:40:10.01",SearchResultOpened
"2019-12-01 20:50:54.889",SearchMade
"2019-12-01 20:51:10.239",SearchResultOpened
"2019-12-01 20:57:20.748",HighlightCreated
"2019-12-01 20:57:26.756",HighlightCreated
"2019-12-01 20:58:07.774",SearchResultOpened
"2019-12-01 20:59:46.041",HighlightCreated
"2019-12-01 21:00:13.836",SearchResultOpened
"2019-12-01 21:00:25.535",SearchMade
"2019-12-01 21:00:39.111",SearchResultOpened
"2019-12-02 06:26:18.877",HighlightCreated
"2019-12-02 06:26:28.777",BookmarkCreated
"2019-12-02 06:26:37.126",HighlightCreated
"2019-12-02 06:26:52.63",HighlightCreated
"2019-12-02 06:26:56.136",HighlightCreated
"2019-12-02 06:27:02.949",HighlightCreated
"2019-12-02 06:27:08.119",HighlightCreated
"2019-12-02 06:27:12.133",HighlightCreated
"2019-12-02 06:27:17.045",BookmarkCreated
"2019-12-02 06:27:22.901",BookmarkCreated
"2019-12-02 06:27:27.475",BookmarkCreated
"2019-12-02 06:28:38.88",SearchResultOpened
"2019-12-02 06:29:11.368",ShareableLinkCreated
"2019-12-02 06:29:50.762",ReadingOwnedBook
"2019-12-02 06:29:51.245",ShareableLinkCreated
"2019-12-02 06:30:06.485",ShareableLinkCreated
"2019-12-02 06:30:19.618",ShareableLinkCreated
"2019-12-02 06:30:36.094",HighlightCreated
"2019-12-02 06:31:01.72",HighlightCreated
"2019-12-02 06:31:09.006",HighlightCreated
"2019-12-02 06:31:26.746",HighlightCreated
"2019-12-02 06:34:01.567",ShareableLinkCreated
"2019-12-02 06:34:16.211",HighlightCreated
"2019-12-02 06:35:00.457",NoteCreated
"2019-12-02 06:35:42.001",NoteCreated
"2019-12-02 06:35:56.938",HighlightCreated
"2019-12-02 06:36:15.912",NoteCreated
"2019-12-02 06:37:30.265",HighlightCreated
"2019-12-02 06:37:47.693",ShareableLinkCreated
"2019-12-02 06:39:46.758",ReadingOwnedBook
"2019-12-02 06:39:52.043",SearchMade
"2019-12-02 06:40:02.59",SearchMade
"2019-12-02 06:40:10.353",SearchMade
"2019-12-02 06:41:49.486",ExerciseSolved
"2019-12-02 06:42:35.524",ExerciseSolved
"2019-12-02 06:43:31.73",ExerciseSolved
"2019-12-02 06:44:19.049",ExerciseSolved
"2019-12-02 06:44:44.915",HighlightCreated
"2019-12-02 06:44:57.208",ShareableLinkCreated
"2019-12-02 06:45:57.425",NoteCreated
"2019-12-02 06:46:58.467",HighlightCreated
"2019-12-02 06:47:09.69",ShareableLinkCreated
"2019-12-02 06:47:47.177",NoteCreated
"2019-12-02 06:49:40.259",BookmarkCreated
"2019-12-02 06:49:50.745",BookmarkCreated
"2019-12-02 06:50:15.383",ExerciseSolved
"2019-12-02 06:51:21.217",HighlightCreated
"2019-12-02 06:51:27.48",ShareableLinkCreated
"2019-12-02 06:51:53.737",BookmarkCreated
"2019-12-02 06:52:29.751",BookmarkCreated
"2019-12-02 06:52:45.574",BookmarkCreated
"2019-12-02 06:52:53.747",HighlightCreated
"2019-12-02 06:53:22.158",BookmarkCreated
"2019-12-02 06:53:31.949",ShareableLinkCreated
"2019-12-02 06:54:03.272",ExerciseSolved
"2019-12-02 06:54:38.672",ExerciseSolved
"2019-12-02 06:55:04.154",ExerciseSolved
"2019-12-02 06:55:33.034",ExerciseSolved
"2019-12-02 06:57:25.476",ExerciseSolved
"2019-12-02 06:58:01.849",ExerciseSolved
"2019-12-02 06:58:37.872",NoteCreated
"2019-12-02 06:58:52.89",ShareableLinkCreated
"2019-12-02 06:59:06.99",BookmarkCreated
"2019-12-02 06:59:29.461",BookmarkCreated
"2019-12-02 07:00:29.455",HighlightCreated
"2019-12-02 07:00:35.209",HighlightCreated
"2019-12-02 07:00:39.519",HighlightCreated
"2019-12-02 07:00:45.154",HighlightCreated
"2019-12-02 07:00:57.679",HighlightCreated
"2019-12-02 07:01:01.968",HighlightCreated
"2019-12-02 07:01:16.474",HighlightCreated
"2019-12-02 07:01:21.314",HighlightCreated
"2019-12-02 07:01:25.172",HighlightCreated
"2019-12-02 07:01:36.438",HighlightCreated
"2019-12-02 07:01:46.357",HighlightCreated
"2019-12-02 07:02:18.665",BookmarkCreated
"2019-12-02 07:02:29.601",BookmarkCreated
"2019-12-02 07:02:47.927",BookmarkCreated
"2019-12-02 07:02:59.163",ShareableLinkCreated
"2019-12-02 07:03:45.73",ShareableLinkCreated
"2019-12-02 07:04:04.354",SearchMade
"2019-12-02 07:04:34.054",SearchMade
"2019-12-02 07:05:10.084",ShareableLinkCreated
"2019-12-02 07:05:39.139",SearchMade
"2019-12-02 07:07:02.474",HighlightCreated
"2019-12-02 07:07:17.914",HighlightCreated
"2019-12-02 07:07:41.381",HighlightCreated
"2019-12-02 07:08:56.579",ShareableLinkCreated
"2019-12-02 07:09:52.244",ExerciseSolved
"2019-12-02 07:12:03.988",ExerciseSolved
"2019-12-02 07:13:01.829",HighlightCreated
"2019-12-02 07:13:16.78",HighlightCreated
"2019-12-02 07:13:22.798",ReadingOwnedBook
"2019-12-02 07:13:28.301",HighlightCreated
"2019-12-02 07:13:46.203",HighlightCreated
"2019-12-02 07:13:55.856",HighlightCreated
"2019-12-02 07:14:04.117",HighlightCreated
"2019-12-02 07:14:17.526",HighlightCreated
"2019-12-02 07:15:13.863",ShareableLinkCreated
"2019-12-02 07:15:39.847",HighlightCreated
"2019-12-02 07:16:21.787",NoteCreated
"2019-12-02 07:17:08.734",NoteCreated
"2019-12-02 07:17:23.065",ReadingOwnedBook
"2019-12-02 07:17:49.472",NoteCreated
"2019-12-02 07:18:31.682",NoteCreated
"2019-12-02 07:18:51.243",BookmarkCreated
"2019-12-02 07:19:22.738",ReadingOwnedBook
"2019-12-02 07:19:35.841",ShareableLinkCreated
"2019-12-02 07:20:06.649",NoteCreated
"2019-12-02 07:21:22.869",ReadingOwnedBook
"2019-12-02 07:22:37.122",NoteCreated
"2019-12-02 07:22:48.37",BookmarkCreated
"2019-12-02 07:23:00.924",BookmarkCreated
"2019-12-02 07:23:12.214",BookmarkCreated
"2019-12-02 07:23:22.013",BookmarkCreated
"2019-12-02 07:23:33.553",BookmarkCreated
"2019-12-02 07:23:40.918",HighlightCreated
"2019-12-02 07:24:45.328",ExerciseSolved
"2019-12-02 07:26:23.724",ReadingOwnedBook
"2019-12-02 07:26:55.651",ExerciseSolved
"2019-12-02 07:27:23.485",ExerciseSolved
"2019-12-02 07:28:50.962",ExerciseSolved
"2019-12-02 07:29:38.032",ExerciseSolved
"2019-12-02 07:30:24.15",ReadingOwnedBook
"2019-12-02 07:30:44.061",ExerciseSolved
"2019-12-02 07:31:24.486",ExerciseSolved
"2019-12-02 07:33:05.698",HighlightCreated
"2019-12-02 07:33:12.898",BookmarkCreated
"2019-12-02 07:33:22.732",ShareableLinkCreated
"2019-12-02 07:34:42.051",NoteCreated
"2019-12-02 07:34:58.394",HighlightCreated
"2019-12-02 07:37:07.757",ExerciseSolved
"2019-12-02 07:37:36.088",ExerciseSolved
"2019-12-02 07:39:28.451",ExerciseSolved
"2019-12-02 07:41:08.495",ExerciseSolved
"2019-12-02 07:41:28.04",SearchMade
"2019-12-02 07:41:38.367",SearchMade
"2019-12-02 07:41:50.352",SearchMade
"2019-12-02 07:42:11.143",SearchMade
"2019-12-02 07:42:19.002",SearchMade
"2019-12-02 07:42:35.82",SearchMade
"2019-12-02 07:45:19.691",ShareableLinkCreated
"2019-12-02 07:45:45.414",HighlightCreated
"2019-12-02 07:45:59.33",HighlightCreated
"2019-12-02 07:46:13.551",BookmarkCreated
"2019-12-02 07:47:05.436",NoteCreated
"2019-12-02 07:47:28.898",ShareableLinkCreated
"2019-12-02 07:47:51.72",ShareableLinkCreated
"2019-12-02 07:47:58.516",HighlightCreated
"2019-12-02 07:48:36.897",ExerciseSolved
"2019-12-02 07:49:01.733",ExerciseSolved
"2019-12-02 07:50:40.904",ExerciseSolved
"2019-12-02 07:50:52.748",ExerciseSolved
"2019-12-02 07:51:47.246",ExerciseSolved
"2019-12-02 07:55:31.627",ExerciseSolved
"2019-12-02 07:55:55.894",BookmarkCreated
"2019-12-02 07:56:12.256",ExerciseSolved
"2019-12-02 07:57:06.966",ExerciseSolved
"2019-12-02 07:57:48.892",ShareableLinkCreated
"2019-12-02 07:57:58.009",HighlightCreated
"2019-12-02 07:58:50.82",SearchResultOpened
"2019-12-02 08:14:16.343",SearchResultOpened
"2019-12-02 08:14:28.117",SearchResultOpened
"2019-12-02 08:14:48.875",SearchResultOpened
"2019-12-02 08:15:04.121",SearchResultOpened
"2019-12-02 08:15:40.513",HighlightCreated
"2019-12-02 08:24:38.816",SearchResultOpened
"2019-12-02 08:25:08.744",SearchResultOpened
"2019-12-02 09:44:58.429",HighlightCreated
"2019-12-02 09:45:05.256",BookmarkCreated
"2019-12-02 09:45:31.275",NoteCreated
"2019-12-02 09:45:52.247",ReadingOpenChapter
"2019-12-02 09:46:08.928",NoteCreated
"2019-12-02 09:46:31.021",NoteCreated
"2019-12-02 09:46:51.247",NoteCreated
"2019-12-02 09:46:52.242",ReadingOpenChapter
"2019-12-02 09:47:17.135",NoteCreated
"2019-12-02 09:48:25.516",NoteCreated
"2019-12-02 09:48:38.283",HighlightCreated
"2019-12-02 09:48:49.133",BookmarkCreated
"2019-12-02 09:48:52.593",ReadingOpenChapter
"2019-12-02 09:48:58.626",ShareableLinkCreated
"2019-12-02 09:50:08.395",ProductTocLivebookLinkOpened
"2019-12-02 09:50:48.261",SearchResultOpened
"2019-12-02 09:50:48.342",SearchMade
"2019-12-02 09:50:58.005",SearchResultOpened
"2019-12-02 09:50:58.102",SearchMade
"2019-12-02 09:51:08.727",SearchResultOpened
"2019-12-02 09:51:08.798",SearchMade
"2019-12-02 09:51:48.114",SearchResultOpened
"2019-12-02 09:52:03.008",HighlightCreated
"2019-12-02 09:58:38.149",HighlightCreated
"2019-12-02 09:59:31.016",BookmarkCreated
"2019-12-02 10:00:09.624",NoteCreated
"2019-12-02 10:04:03.753",NoteCreated
"2019-12-02 10:11:58.936",HighlightCreated
"2019-12-02 10:14:42.4",HighlightCreated
"2019-12-02 10:15:07.678",HighlightCreated
"2019-12-02 10:15:36.353",HighlightCreated
"2019-12-02 10:16:01.984",HighlightCreated
"2019-12-02 10:16:21.515",NoteCreated
"2019-12-02 10:17:16.55",HighlightCreated
"2019-12-02 10:18:15.268",NoteCreated
"2019-12-02 10:18:53.31",HighlightCreated
"2019-12-02 10:20:29.652",NoteCreated
"2019-12-02 10:21:53.268",HighlightCreated
"2019-12-02 10:21:57.439",HighlightCreated
"2019-12-02 10:22:29.182",ShareableLinkCreated
"2019-12-02 10:23:11.19",NoteCreated
"2019-12-02 10:24:21.279",HighlightCreated
"2019-12-02 10:25:50.877",NoteCreated
"2019-12-02 10:26:24.833",HighlightCreated
"2019-12-02 10:26:49.106",HighlightCreated
"2019-12-02 10:27:32.903",NoteCreated
"2019-12-02 10:27:56.899",BookmarkCreated
"2019-12-02 10:28:55.466",HighlightCreated
"2019-12-02 10:33:20.321",HighlightCreated
"2019-12-02 10:33:39.063",BookmarkCreated
"2019-12-02 10:33:55.095",HighlightCreated
"2019-12-02 10:34:17.974",HighlightCreated
"2019-12-02 10:34:50.309",HighlightCreated
"2019-12-02 10:35:30.844",BookmarkCreated
"2019-12-02 10:37:27.336",HighlightCreated
"2019-12-02 10:37:31.328",HighlightCreated
"2019-12-02 10:38:00.256",HighlightCreated
"2019-12-02 10:38:22.362",BookmarkCreated
"2019-12-02 10:38:59.503",HighlightCreated
"2019-12-02 10:39:48.656",HighlightCreated
"2019-12-02 10:40:08.97",BookmarkCreated
"2019-12-02 10:41:46.839",HighlightCreated
"2019-12-02 10:42:06.531",HighlightCreated
"2019-12-02 10:42:31.269",HighlightCreated
"2019-12-02 10:42:47.961",HighlightCreated
"2019-12-02 10:43:08.016",BookmarkCreated
"2019-12-02 11:00:31.749",HighlightCreated
"2019-12-02 17:05:34.464",HighlightCreated
"2019-12-02 17:06:45.932",BookmarkCreated
"2019-12-02 17:07:35.193",NoteCreated
"2019-12-02 17:07:53.813",ShareableLinkCreated
"2019-12-02 17:09:29.67",SearchResultOpened
"2019-12-02 17:10:10.316",BookmarkCreated
"2019-12-02 17:10:34.856",HighlightCreated
"2019-12-02 17:10:41.569",ReadingOwnedBook
"2019-12-02 17:11:24.346",HighlightCreated
"2019-12-02 17:11:41.601",ReadingOwnedBook
"2019-12-02 17:11:55.912",HighlightCreated
"2019-12-02 17:13:12.254",HighlightCreated
"2019-12-02 17:13:27.326",BookmarkCreated
"2019-12-02 17:14:09.399",BookmarkCreated
"2019-12-02 17:14:12.275",ReadingOwnedBook
"2019-12-02 17:14:57.683",NoteCreated
"2019-12-02 17:15:10.761",HighlightCreated
"2019-12-02 17:15:15.249",HighlightCreated
"2019-12-02 17:16:04.617",SearchResultOpened
"2019-12-02 17:16:19.124",ShareableLinkCreated
"2019-12-02 17:16:46.33",HighlightCreated
"2019-12-02 17:17:21.879",SearchResultOpened
"2019-12-02 17:18:04.186",SearchResultOpened
"2019-12-02 17:18:16.589",ShareableLinkCreated
"2019-12-02 17:18:35.197",SearchResultOpened
"2019-12-02 17:18:48.933",ShareableLinkCreated
"2019-12-02 17:19:16.529",SearchResultOpened
"2019-12-02 17:19:26.201",ShareableLinkCreated
"2019-12-02 17:21:16.925",SearchResultOpened
"2019-12-02 17:22:57.447",NoteCreated
"2019-12-02 17:24:08.437",HighlightCreated
"2019-12-02 17:24:18.044",HighlightCreated
"2019-12-02 17:26:29.386",BookmarkCreated
"2019-12-02 17:27:17.878",HighlightCreated
"2019-12-02 17:27:54.821",BookmarkCreated
"2019-12-02 17:29:07.794",BookmarkCreated
"2019-12-02 17:29:25.206",HighlightCreated
"2019-12-02 17:31:14.743",SearchResultOpened
"2019-12-02 17:33:08.891",HighlightCreated
"2019-12-02 17:33:21.442",HighlightCreated
"2019-12-02 17:42:08.435",SearchResultOpened
"2019-12-02 17:42:32.629",HighlightCreated
"2019-12-02 17:42:58.559",BookmarkCreated
"2019-12-02 17:43:33.536",HighlightCreated
"2019-12-02 17:43:56.921",HighlightCreated
"2019-12-02 17:44:33.604",HighlightCreated
"2019-12-02 17:45:22",HighlightCreated
"2019-12-02 17:47:16.547",HighlightCreated
"2019-12-02 17:47:34.089",BookmarkCreated
"2019-12-02 17:48:08.536",BookmarkCreated
"2019-12-02 17:48:45.084",BookmarkCreated
"2019-12-02 17:49:58.247",NoteCreated
"2019-12-02 17:51:08.311",NoteCreated
"2019-12-02 17:52:07.342",HighlightCreated
"2019-12-02 17:52:26.144",BookmarkCreated
"2019-12-02 17:53:08.782",HighlightCreated
"2019-12-02 17:53:27.947",BookmarkCreated
"2019-12-02 17:54:24.541",HighlightCreated
"2019-12-02 17:54:42.685",HighlightCreated
"2019-12-02 17:55:06.617",BookmarkCreated
"2019-12-02 17:55:57.268",NoteCreated
"2019-12-02 17:57:25.374",NoteCreated
"2019-12-02 21:13:24.34",HighlightCreated
"2019-12-02 21:13:46.869",BookmarkCreated
"2019-12-02 21:14:41.042",NoteCreated
"2019-12-02 21:15:14.366",SearchResultOpened
"2019-12-02 21:16:18.941",SearchResultOpened
"2019-12-02 21:17:08.634",SearchResultOpened
"2019-12-02 21:18:13.249",SearchResultOpened
"2019-12-02 21:19:53.642",SearchResultOpened
"2019-12-02 21:20:43.256",SearchResultOpened
"2019-12-02 21:21:45.782",SearchResultOpened
"2019-12-02 21:22:27.527",HighlightCreated
"2019-12-02 21:22:48.911",BookmarkCreated
"2019-12-02 21:23:28.329",NoteCreated
"2019-12-02 21:23:49.243",SearchResultOpened
"2019-12-02 21:26:32.149",SearchResultOpened
"2019-12-02 21:26:41.965",SearchResultOpened
"2019-12-02 21:26:42.667",SearchMade
"2019-12-02 21:26:51.726",SearchResultOpened
"2019-12-03 07:01:30.955",ShareableLinkCreated
"2019-12-03 07:01:46.176",BookmarkCreated
"2019-12-03 07:02:47.339",BookmarkCreated
"2019-12-03 07:02:54.732",BookmarkCreated
"2019-12-03 07:03:11.111",BookmarkCreated
"2019-12-03 07:03:23.378",BookmarkCreated
"2019-12-03 07:03:26.916",ReadingOpenChapter
"2019-12-03 07:04:50.557",BookmarkCreated
"2019-12-03 07:04:58.574",BookmarkCreated
"2019-12-03 07:05:27.998",ReadingOpenChapter
"2019-12-03 07:06:27.148",HighlightCreated
"2019-12-03 07:07:27.892",ReadingOpenChapter
"2019-12-03 07:08:15.26",HighlightCreated
"2019-12-03 07:08:57.199",NoteCreated
"2019-12-03 07:10:09.759",ShareableLinkCreated
"2019-12-03 07:10:27.571",HighlightCreated
"2019-12-03 07:10:33.692",HighlightCreated
"2019-12-03 07:10:48.44",HighlightCreated
"2019-12-03 07:11:58.831",ReadingOpenChapter
"2019-12-03 07:13:12.211",NoteCreated
"2019-12-03 07:14:29.638",ReadingOpenChapter
"2019-12-03 07:14:44.912",NoteCreated
"2019-12-03 07:15:39.397",HighlightCreated
"2019-12-03 07:17:12.863",NoteCreated
"2019-12-03 07:18:01.836",ReadingOpenChapter
"2019-12-03 07:18:48.56",NoteCreated
"2019-12-03 07:20:13.834",NoteCreated
"2019-12-03 07:20:50.476",HighlightCreated
"2019-12-03 07:21:17.848",SearchResultOpened
"2019-12-03 07:21:39.579",HighlightCreated
"2019-12-03 07:21:52.71",SearchResultOpened
"2019-12-03 07:22:11.305",SearchMade
"2019-12-03 07:22:17.909",SearchResultOpened
"2019-12-03 07:23:31.77",SearchResultOpened
"2019-12-03 07:23:32.359",SearchMade
"2019-12-03 07:23:47.579",SearchResultOpened
"2019-12-03 07:23:47.835",SearchMade
"2019-12-03 07:23:55.573",SearchResultOpened
"2019-12-03 07:25:03.393",SearchResultOpened
"2019-12-03 07:26:53.751",ProductTocLivebookLinkOpened
"2019-12-03 07:30:02.62",SearchResultOpened
"2019-12-03 07:32:43.67",SearchResultOpened
"2019-12-03 07:33:55.273",SearchResultOpened
"2019-12-03 07:34:24.918",SearchMade
"2019-12-03 07:34:32.904",SearchResultOpened
"2019-12-03 07:35:19.862",SearchMade
"2019-12-03 07:35:30.632",SearchMade
"2019-12-03 07:35:37.562",SearchResultOpened
"2019-12-03 07:36:57.635",SearchMade
"2019-12-03 07:37:07.687",SearchResultOpened
"2019-12-03 07:37:48.048",HighlightCreated
"2019-12-03 07:38:21.448",SearchResultOpened
"2019-12-03 07:40:04.153",ReadingOwnedBook
"2019-12-03 07:40:05.175",ExerciseSolved
"2019-12-03 07:41:04.185",ReadingOwnedBook
"2019-12-03 07:41:36.757",ExerciseSolved
"2019-12-03 07:42:48.567",ExerciseSolved
"2019-12-03 07:43:21.186",ExerciseSolved
"2019-12-03 07:43:38.487",ExerciseSolved
"2019-12-03 07:45:12.564",ExerciseSolved
"2019-12-03 07:45:25.44",ExerciseSolved
"2019-12-03 07:45:37.528",ExerciseSolved
"2019-12-03 07:46:23.609",ExerciseSolved
"2019-12-03 07:47:51.836",SearchMade
"2019-12-03 07:49:30.37",SearchMade
"2019-12-03 07:52:55.276",SearchResultOpened
"2019-12-03 07:53:20.819",HighlightCreated
"2019-12-03 07:54:37.872",HighlightCreated
"2019-12-03 07:55:03.607",ShareableLinkCreated
"2019-12-03 07:55:08.336",ReadingOpenChapter
"2019-12-03 07:55:35.148",ShareableLinkCreated
"2019-12-03 07:56:07.739",ShareableLinkCreated
"2019-12-03 07:57:12.464",ShareableLinkCreated
"2019-12-03 07:59:19.858",ShareableLinkCreated
"2019-12-03 07:59:50.338",SearchResultOpened
"2019-12-03 07:59:50.66",SearchMade
"2019-12-03 07:59:59.319",SearchResultOpened
"2019-12-03 07:59:59.534",SearchMade
"2019-12-03 08:00:09.025",ReadingOpenChapter
"2019-12-03 08:00:09.429",SearchResultOpened
"2019-12-03 08:00:09.842",SearchMade
"2019-12-03 08:00:15.744",SearchResultOpened
"2019-12-03 08:03:44.413",SearchResultOpened
"2019-12-03 12:25:53.543",ShareableLinkCreated
"2019-12-03 12:26:12.316",HighlightCreated
"2019-12-03 12:27:00.189",BookmarkCreated
"2019-12-03 12:27:34.534",NoteCreated
"2019-12-03 12:28:11.704",SearchResultOpened
"2019-12-03 12:28:21.545",ShareableLinkCreated
"2019-12-03 12:28:42.236",ShareableLinkCreated
"2019-12-03 12:28:57.486",SearchResultOpened
"2019-12-03 12:29:55.944",SearchResultOpened
"2019-12-03 12:37:00.566",SearchResultOpened
"2019-12-03 16:24:37.518",HighlightCreated
"2019-12-03 16:24:42.708",HighlightCreated
"2019-12-03 16:24:46.694",HighlightCreated
"2019-12-03 16:25:14.549",SearchResultOpened
"2019-12-03 16:31:48.984",SearchResultOpened
"2019-12-03 16:33:11.64",ReadingOpenChapter
"2019-12-03 16:34:11.575",ReadingOpenChapter
"2019-12-03 16:35:16.448",ReadingOwnedBook
"2019-12-03 16:36:16.438",ReadingOwnedBook
"2019-12-03 16:47:49.051",UpvoteGiven
"2019-12-03 16:50:51.729",SearchResultOpened
"2019-12-03 16:51:33.714",ReadingOwnedBook
"2019-12-03 16:52:33.87",ReadingOwnedBook
"2019-12-03 16:54:33.979",ReadingOwnedBook
"2019-12-03 16:58:33.966",ReadingOwnedBook
"2019-12-03 17:00:41.171",ProductTocLivebookLinkOpened
"2019-12-03 17:02:47.288",SearchResultOpened
"2019-12-03 17:05:31.659",UpvoteGiven
"2019-12-03 17:08:09.977",SearchResultOpened
"2019-12-03 17:10:03.084",UpvoteGiven
"2019-12-03 17:14:58.813",UpvoteGiven
"2019-12-03 17:16:47.208",SearchMade
"2019-12-03 17:16:51.154",SearchResultOpened
"2019-12-03 17:17:56.688",UpvoteGiven
"2019-12-03 17:21:50.325",SearchResultOpened
"2019-12-03 17:23:24.106",SearchMade
"2019-12-03 17:23:45.335",SearchResultOpened
"2019-12-03 17:25:42.55",SearchMade
"2019-12-03 17:26:02.651",ReadingOpenChapter
"2019-12-03 17:26:19.33",SearchMade
"2019-12-03 17:26:22.61",SearchResultOpened
"2019-12-03 17:27:02.666",ReadingOpenChapter
"2019-12-03 17:27:55.266",UpvoteGiven
"2019-12-04 09:43:12.063",ReadingOpenChapter
"2019-12-04 09:43:40.592",UpvoteGiven
"2019-12-04 09:44:11.505",ReadingOpenChapter
"2019-12-04 09:44:20.668",UpvoteGiven
"2019-12-04 09:45:05.868",UpvoteGiven
"2019-12-04 09:46:03.188",ShareableLinkCreated
"2019-12-04 09:46:11.645",ReadingOpenChapter
"2019-12-04 09:47:25.863",HighlightCreated
"2019-12-04 09:47:47.981",HighlightCreated
"2019-12-04 09:48:00.341",BookmarkCreated
"2019-12-04 09:49:29.927",NoteCreated
"2019-12-04 09:49:53.974",HighlightCreated
"2019-12-04 09:50:42.413",ReadingOpenChapter
"2019-12-04 09:50:45.868",HighlightCreated
"2019-12-04 09:51:40.064",HighlightCreated
"2019-12-04 09:51:44.85",HighlightCreated
"2019-12-04 09:52:54.946",HighlightCreated
"2019-12-04 09:53:12.261",BookmarkCreated
"2019-12-04 09:53:13.121",ReadingOpenChapter
"2019-12-04 09:53:42.143",BookmarkCreated
"2019-12-04 09:54:19.16",BookmarkCreated
"2019-12-04 09:55:43.521",ReadingOpenChapter
"2019-12-04 09:57:10.719",NoteCreated
"2019-12-04 09:57:27.718",BookmarkCreated
"2019-12-04 09:59:15.264",HighlightCreated
"2019-12-04 10:00:04.31",NoteCreated
"2019-12-04 10:00:52.446",ShareableLinkCreated
"2019-12-04 10:01:19.539",HighlightCreated
"2019-12-04 10:02:03.355",BookmarkCreated
"2019-12-04 10:02:16.056",ReadingOpenChapter
"2019-12-04 10:03:04.849",BookmarkCreated
"2019-12-04 10:04:01.501",NoteCreated
"2019-12-04 10:04:43.078",ShareableLinkCreated
"2019-12-04 10:06:44.297",NoteCreated
"2019-12-04 10:06:46.846",ReadingOpenChapter
"2019-12-04 10:07:34.838",HighlightCreated
"2019-12-04 10:09:00.453",ShareableLinkCreated
"2019-12-04 10:09:48.992",NoteCreated
"2019-12-04 10:11:19.431",NoteCreated
"2019-12-04 10:12:09.361",ShareableLinkCreated
"2019-12-04 10:12:28.439",ShareableLinkCreated
"2019-12-04 10:12:36.918",ShareableLinkCreated
"2019-12-04 10:12:45.58",ShareableLinkCreated
"2019-12-04 10:13:11.781",HighlightCreated
"2019-12-04 10:13:52.362",ShareableLinkCreated
"2019-12-04 10:14:22.158",HighlightCreated
"2019-12-04 10:14:37.686",BookmarkCreated
"2019-12-04 10:15:44.572",NoteCreated
"2019-12-04 10:16:15.516",SearchResultOpened
"2019-12-04 10:16:15.95",SearchMade
"2019-12-04 10:16:25.261",SearchResultOpened
"2019-12-04 10:16:32.54",SearchResultOpened
"2019-12-04 10:17:25.299",SearchResultOpened
"2019-12-04 10:17:25.853",SearchMade
"2019-12-04 10:17:47.304",SearchResultOpened
"2019-12-04 10:17:58.404",SearchResultOpened
"2019-12-04 10:19:10.063",SearchResultOpened
"2019-12-04 10:19:36.257",SearchResultOpened
"2019-12-04 10:19:36.699",SearchMade
"2019-12-04 10:19:51.463",SearchResultOpened
"2019-12-04 10:19:58.401",SearchResultOpened
"2019-12-04 10:21:28.011",SearchResultOpened
"2019-12-04 10:21:28.253",SearchMade
"2019-12-04 10:21:35.947",SearchResultOpened
"2019-12-04 10:21:57.168",SearchResultOpened
"2019-12-04 10:24:04.33",SearchResultOpened
"2019-12-04 10:24:04.822",SearchMade
"2019-12-04 10:24:16.009",SearchResultOpened
"2019-12-04 10:25:27.332",SearchResultOpened
"2019-12-04 10:25:42.083",SearchResultOpened
"2019-12-04 10:26:40.666",SearchResultOpened
"2019-12-04 10:32:15.629",SearchResultOpened
"2019-12-04 10:32:15.978",SearchMade
"2019-12-04 10:32:18.757",SearchResultOpened
"2019-12-04 10:34:13.646",ShareableLinkCreated
"2019-12-04 10:35:34.256",SearchResultOpened
"2019-12-04 10:35:34.652",SearchMade
"2019-12-04 10:35:45.324",SearchResultOpened
"2019-12-04 10:35:45.632",SearchMade
"2019-12-04 10:35:51.891",SearchResultOpened
"2019-12-04 10:39:49.631",ShareableLinkCreated
"2019-12-04 10:43:58.279",UpvoteGiven
"2019-12-04 10:44:00.702",UpvoteGiven
"2019-12-04 10:48:27.14",UpvoteGiven
"2019-12-04 10:51:19.231",SearchResultOpened
"2019-12-04 10:51:52.197",SearchResultOpened
"2019-12-04 10:52:29.708",ExerciseSolved
"2019-12-04 10:53:12.668",ExerciseSolved
"2019-12-04 10:53:21.577",ExerciseSolved
"2019-12-04 10:53:59.436",ExerciseSolved
"2019-12-04 10:54:10.483",ExerciseSolved
"2019-12-04 10:54:22.036",ExerciseSolved
"2019-12-04 10:54:47.348",ExerciseSolved
"2019-12-04 10:57:09.885",ExerciseSolved
"2019-12-04 10:57:30.399",ExerciseSolved
"2019-12-04 10:58:34.154",ExerciseSolved
"2019-12-04 10:59:32.659",ExerciseSolved
"2019-12-04 11:01:03.553",HighlightCreated
"2019-12-04 11:01:09.681",ShareableLinkCreated
"2019-12-04 11:02:15.976",SearchResultOpened
"2019-12-04 11:04:09.439",ProductTocLivebookLinkOpened
"2019-12-04 11:05:22.454",ReadingOpenChapter
"2019-12-04 11:06:22.511",ReadingOpenChapter
"2019-12-04 11:06:24.024",UpvoteGiven
"2019-12-04 11:09:21.878",ProductTocLivebookLinkOpened
"2019-12-04 11:09:52.463",SearchResultOpened
"2019-12-04 11:09:52.724",SearchMade
"2019-12-04 11:09:57.137",SearchResultOpened
"2019-12-04 11:10:42.138",BookmarkCreated
"2019-12-04 18:08:10.792",UpvoteGiven
"2019-12-04 18:14:57.353",ProductLookInsideLivebookLinkOpened
"2019-12-04 18:25:56.279",ProductLookInsideLivebookLinkOpened
"2019-12-04 18:27:11.981",ReadingOpenChapter
"2019-12-04 18:31:11.538",ReadingOpenChapter
"2019-12-04 22:19:53.968",ProductTocLivebookLinkOpened
"2019-12-04 22:20:23.052",HighlightCreated
"2019-12-04 22:20:33.362",CrossReferenceTermOpened
"2019-12-04 22:20:48.543",CrossReferenceTermOpened
"2019-12-04 22:20:56.165",CrossReferenceTermOpened
"2019-12-04 22:21:02.922",CrossReferenceTermOpened
"2019-12-04 22:21:09.154",CrossReferenceTermOpened
"2019-12-04 22:21:17.861",CrossReferenceTermOpened
"2019-12-04 22:21:24.29",CrossReferenceTermOpened
"2019-12-04 22:22:44.419",SearchMade
"2019-12-04 22:22:53.447",SearchResultOpened
"2019-12-04 22:25:13.626",ProductLookInsideLivebookLinkOpened
"2019-12-04 22:26:28.334",ReadingOpenChapter
"2019-12-04 22:31:33.58",ShareableLinkCreated
"2019-12-04 22:31:48.058",ShareableLinkOpened
"2019-12-04 22:32:45.135",ShareableLinkCreated
"2019-12-04 22:33:03.104",ShareableLinkOpened
"2019-12-04 22:33:11.442",ReadingOpenChapter
"2019-12-04 22:33:32.899",ShareableLinkCreated
"2019-12-04 22:33:46.197",ShareableLinkOpened
"2019-12-04 22:34:22.281",ShareableLinkCreated
"2019-12-04 22:34:33.479",ShareableLinkOpened
"2019-12-04 22:35:04.094",ShareableLinkCreated
"2019-12-04 22:35:14.953",ShareableLinkOpened
"2019-12-04 22:36:46.101",ShareableLinkCreated
"2019-12-04 22:36:58.73",ShareableLinkOpened
"2019-12-04 22:37:19.725",CrossReferenceTermOpened
"2019-12-05 17:47:04.95",ProductTocLivebookLinkOpened
"2019-12-05 17:56:06.966",ShareableLinkCreated
"2019-12-05 17:57:39.046",ShareableLinkCreated
"2019-12-05 17:58:26.058",ShareableLinkOpened
"2019-12-05 17:59:35.306",ReadingOpenChapter
"2019-12-05 17:59:56.714",ShareableLinkCreated
"2019-12-05 18:00:41.981",ShareableLinkOpened
"2019-12-05 18:01:27.087",ReadingOpenChapter
"2019-12-05 18:02:11.612",ShareableLinkCreated
"2019-12-05 18:02:51.566",ShareableLinkOpened
"2019-12-05 18:03:22.06",ShareableLinkCreated
"2019-12-05 18:03:50.328",ShareableLinkOpened
"2019-12-05 18:04:47.284",ShareableLinkCreated
"2019-12-05 18:05:07.715",ShareableLinkOpened
"2019-12-05 18:06:18.268",ShareableLinkCreated
"2019-12-05 18:06:34.769",ShareableLinkOpened
"2019-12-05 18:07:43.579",ReadingOpenChapter
"2019-12-05 18:10:51.46",HighlightCreated
"2019-12-05 18:12:08.88",HighlightCreated
"2019-12-05 18:12:51.708",HighlightCreated
"2019-12-05 18:14:14.708",HighlightCreated
"2019-12-05 18:14:23.698",HighlightCreated
"2019-12-05 18:14:49.989",HighlightCreated
"2019-12-05 18:14:55.63",HighlightCreated
"2019-12-05 18:15:00.639",HighlightCreated
"2019-12-05 18:15:04.794",HighlightCreated
"2019-12-05 18:15:39.297",BookmarkCreated
"2019-12-05 18:15:59.752",BookmarkCreated
"2019-12-05 18:16:30.987",BookmarkCreated
"2019-12-05 18:17:08.068",BookmarkCreated
"2019-12-05 18:17:17.252",BookmarkCreated
"2019-12-05 18:19:00.554",BookmarkCreated
"2019-12-05 18:21:48.901",ReadingOpenChapter
"2019-12-05 18:22:12.959",LivebookLogin
"2019-12-05 18:25:49.792",NoteCreated
"2019-12-05 18:27:06.895",NoteCreated
"2019-12-05 18:28:15.826",NoteCreated
"2019-12-05 18:28:56.257",NoteCreated
"2019-12-05 18:29:15.272",NoteCreated
"2019-12-05 18:30:38.846",NoteCreated
"2019-12-05 18:31:59.835",SearchMade
"2019-12-05 18:32:10.65",SearchResultOpened
"2019-12-05 18:32:55.341",SearchMade
"2019-12-05 18:33:01.026",SearchResultOpened
"2019-12-05 18:33:47.427",SearchMade
"2019-12-05 18:33:55.236",SearchResultOpened
"2019-12-05 18:34:58.358",SearchMade
"2019-12-05 18:35:02.219",SearchResultOpened
"2019-12-05 18:36:10.868",SearchMade
"2019-12-05 18:36:15.437",SearchResultOpened
"2019-12-05 18:37:29.069",SearchMade
"2019-12-05 18:37:35.355",SearchResultOpened
"2019-12-05 18:40:19.022",UpvoteGiven
"2019-12-05 18:40:27.9",UpvoteGiven
"2019-12-05 18:41:58.674",UpvoteGiven
"2019-12-05 18:44:29.364",SearchResultOpened
"2019-12-05 18:45:46.81",ExerciseSolved
"2019-12-05 18:46:22.277",ReadingOwnedBook
"2019-12-05 18:46:31.667",ExerciseSolved
"2019-12-05 18:47:50.775",ExerciseSolved
"2019-12-05 18:47:53.304",ReadingOwnedBook
"2019-12-05 18:48:47.151",ExerciseSolved
"2019-12-05 18:50:07.622",ExerciseSolved
"2019-12-05 18:51:07.97",ExerciseSolved
"2019-12-05 18:51:47.533",ExerciseSolved
"2019-12-05 18:51:57.228",ReadingOwnedBook
"2019-12-05 18:52:05.552",ExerciseSolved
"2019-12-05 18:52:23.817",ExerciseSolved
"2019-12-05 18:53:02.48",ExerciseSolved
"2019-12-05 18:53:49.294",ExerciseSolved
"2019-12-05 18:54:14.73",ExerciseSolved
"2019-12-05 18:56:40.592",SearchResultOpened
"2019-12-05 18:56:50.26",CrossReferenceTermOpened
"2019-12-05 18:57:10.181",CrossReferenceTermOpened
"2019-12-05 18:57:26.537",CrossReferenceTermOpened
"2019-12-05 18:57:34.503",CrossReferenceTermOpened
"2019-12-05 18:57:42.004",CrossReferenceTermOpened
"2019-12-05 18:57:51.295",CrossReferenceTermOpened
"2019-12-05 18:57:59.553",CrossReferenceTermOpened
"2019-12-05 18:59:26.309",ReadingOpenChapter
"2019-12-05 19:00:09.441",UpvoteGiven
"2019-12-05 19:01:54.119",UpvoteGiven
"2019-12-05 19:05:08.118",UpvoteGiven
"2019-12-05 19:06:24.754",EBookDownloaded
"2019-12-05 19:07:15.303",EBookDownloaded
"2019-12-05 19:08:41.745",FreeContentCheckout
"2019-12-05 19:10:49.978",FreeContentCheckout
"2019-12-05 19:12:17.878",FreeContentCheckout
"2019-12-05 19:13:17.193",FreeContentCheckout
"2019-12-05 19:14:40.774",FreeContentCheckout
"2019-12-05 19:16:52.604",FreeContentCheckout
"2019-12-05 19:18:10.526",LivebookLogin
"2019-12-05 19:18:54.103",LivebookLogin
"2019-12-05 19:19:24.728",LivebookLogin
"2019-12-05 19:19:54.503",LivebookLogin
"2019-12-05 19:19:54.955",ReadingOpenChapter
"2019-12-05 19:21:13.524",LivebookLogin
"2019-12-05 19:23:47.167",SearchMade
"2019-12-05 19:23:52.475",SearchMade
"2019-12-05 19:24:47.945",ReadingOwnedBook
"2019-12-05 19:26:48.432",ReadingOwnedBook
"2019-12-05 19:28:48.277",ReadingOwnedBook
"2019-12-05 19:42:41.246",ExerciseSolved
"2019-12-05 19:44:48.712",ReadingOwnedBook
"2019-12-05 19:45:18.297",ExerciseSolved
"2019-12-05 19:46:31.428",ExerciseSolved
"2019-12-05 19:47:59.384",ExerciseSolved
"2019-12-05 19:48:12.179",ExerciseSolved
"2019-12-05 19:49:24.761",ExerciseSolved
"2019-12-05 19:49:36.812",ExerciseSolved
"2019-12-05 19:49:48.444",ExerciseSolved
"2019-12-05 19:50:02.211",ExerciseSolved
"2019-12-05 19:50:39.363",ExerciseSolved
"2019-12-05 19:51:10.549",ExerciseSolved
"2019-12-05 19:51:39.662",ExerciseSolved
"2019-12-05 19:51:56.396",ExerciseSolved
"2019-12-05 19:52:34.666",ExerciseSolved
"2019-12-05 19:54:06.204",ExerciseSolved
"2019-12-05 19:54:44.737",ExerciseSolved
"2019-12-05 19:55:17.318",ExerciseSolved
"2019-12-05 22:10:04.841",ProductTocLivebookLinkOpened
"2019-12-05 22:12:15.78",ShareableLinkCreated
"2019-12-05 22:12:41.569",ShareableLinkOpened
"2019-12-05 22:14:18.733",SearchMade
"2019-12-05 22:14:24.158",SearchResultOpened
"2019-12-05 22:16:45.345",EBookDownloaded
"2019-12-05 22:17:45.753",DashboardLivebookLinkOpened
"2019-12-05 22:27:10.2",ProductLookInsideLivebookLinkOpened
"2019-12-05 22:27:40.873",ProductTocLivebookLinkOpened
"2019-12-05 22:28:16.176",ProductTocLivebookLinkOpened
"2019-12-06 04:55:44.03",EBookDownloaded
"2019-12-06 04:56:36.811",EBookDownloaded
"2019-12-06 04:57:29.841",EBookDownloaded
"2019-12-06 04:59:16.201",ProductLookInsideLivebookLinkOpened
"2019-12-06 06:37:29.057",LivebookLogin
"2019-12-06 06:41:02.98",CrossReferenceTermOpened
"2019-12-06 06:41:35.062",CrossReferenceTermOpened
"2019-12-06 06:41:45.033",CrossReferenceTermOpened
"2019-12-06 06:41:51.42",CrossReferenceTermOpened
"2019-12-06 06:41:57.621",CrossReferenceTermOpened
"2019-12-06 06:42:03.413",CrossReferenceTermOpened
"2019-12-06 06:42:10.626",CrossReferenceTermOpened
"2019-12-06 06:42:56.501",ShareableLinkCreated
"2019-12-06 06:43:10.162",ShareableLinkOpened
"2019-12-06 06:43:43.633",ShareableLinkCreated
"2019-12-06 06:43:52.99",ShareableLinkOpened
"2019-12-06 06:44:19.103",ShareableLinkCreated
"2019-12-06 06:44:30.581",ShareableLinkOpened
"2019-12-06 06:45:02.704",ShareableLinkCreated
"2019-12-06 06:45:14.589",ShareableLinkOpened
"2019-12-06 06:45:49.861",ShareableLinkCreated
"2019-12-06 06:45:59.144",ShareableLinkOpened
"2019-12-06 06:46:33.301",ShareableLinkCreated
"2019-12-06 06:46:44.408",ShareableLinkOpened
"2019-12-06 06:47:32.901",HighlightCreated
"2019-12-06 06:48:24.697",HighlightCreated
"2019-12-06 06:48:54.568",HighlightCreated
"2019-12-06 06:49:22.597",HighlightCreated
"2019-12-06 06:51:14.046",HighlightCreated
"2019-12-06 06:52:13.568",HighlightCreated
"2019-12-06 06:52:46.309",BookmarkCreated
"2019-12-06 06:53:04.291",BookmarkCreated
"2019-12-06 06:53:10.175",BookmarkCreated
"2019-12-06 06:53:15.412",BookmarkCreated
"2019-12-06 06:53:22.323",BookmarkCreated
"2019-12-06 06:54:02.628",BookmarkCreated
"2019-12-06 06:56:01.343",NoteCreated
"2019-12-06 06:56:14.504",NoteCreated
"2019-12-06 06:56:59.955",NoteCreated
"2019-12-06 06:57:08.591",NoteCreated
"2019-12-06 06:58:39.861",NoteCreated
"2019-12-06 06:59:52.454",NoteCreated
"2019-12-06 07:02:35.365",UpvoteGiven
"2019-12-06 07:08:51.906",SearchMade
"2019-12-06 07:08:58.102",SearchMade
"2019-12-06 07:09:06.878",SearchResultOpened
"2019-12-06 07:09:06.972",SearchMade
"2019-12-06 07:09:52.869",SearchMade
"2019-12-06 07:09:59.598",SearchResultOpened
"2019-12-06 07:10:25.881",SearchResultOpened
"2019-12-06 07:10:46.682",SearchResultOpened
"2019-12-06 07:11:14.978",SearchResultOpened
"2019-12-06 07:11:43.07",SearchResultOpened
"2019-12-06 07:12:06.34",SearchResultOpened
"2019-12-06 07:12:37.197",SearchMade
"2019-12-06 07:12:40.45",SearchResultOpened
"2019-12-06 07:14:41.713",SearchMade
"2019-12-06 07:14:46.737",SearchResultOpened
"2019-12-06 07:15:49.714",SearchResultOpened
"2019-12-06 07:15:54.008",ShareableLinkOpened
"2019-12-06 07:16:30.717",ExerciseSolved
"2019-12-06 07:16:55.974",ExerciseSolved
"2019-12-06 07:17:02.477",ReadingOwnedBook
"2019-12-06 07:17:05.911",ExerciseSolved
"2019-12-06 07:17:46.957",ExerciseSolved
"2019-12-06 07:17:56.716",ExerciseSolved
"2019-12-06 07:18:02.376",ReadingOwnedBook
"2019-12-06 07:18:04.221",ExerciseSolved
"2019-12-06 07:18:15.396",ExerciseSolved
"2019-12-06 07:20:34.837",ExerciseSolved
"2019-12-06 07:20:38.727",ExerciseSolved
"2019-12-06 07:20:41.671",ExerciseSolved
"2019-12-06 07:20:47.632",ExerciseSolved
"2019-12-06 07:21:09.53",ExerciseSolved
"2019-12-06 07:21:18.243",ExerciseSolved
"2019-12-06 07:21:28.487",ExerciseSolved
"2019-12-06 07:21:41.764",ExerciseSolved
"2019-12-06 07:22:58.899",ExerciseSolved
"2019-12-06 07:23:12.318",ExerciseSolved
"2019-12-06 07:23:41.098",ExerciseSolved
"2019-12-06 07:23:57.326",ExerciseSolved
"2019-12-06 07:25:27.597",FreeContentCheckout
"2019-12-06 07:26:16.122",FreeContentCheckout
"2019-12-06 07:27:28.753",FreeContentCheckout
"2019-12-06 07:29:06.184",FreeContentCheckout
"2019-12-06 07:29:59.905",FreeContentCheckout
"2019-12-06 07:29:59.906",FreeContentCheckout
"2019-12-06 07:31:57.283",FreeContentCheckout
"2019-12-06 07:32:57.013",LivebookLogin
"2019-12-06 07:33:35.347",LivebookLogin
"2019-12-06 07:34:31.306",LivebookLogin
"2019-12-06 07:36:06.495",LivebookLogin
"2019-12-06 07:39:15.378",LivebookLogin
